{
    "Missing_Credentials": "Missing credentials",
    "USER_EXIST": "User is already exist.",
    "EMAIL_EXIST": "Email is already exist.",
    "NUMBER_EXIST": "Phone Number is already exist.",
    "USER_NOT_FOUND": "User Not Found.",
    "USER_CREATED": "User Registered Successfully.",
    "USER_PROFILE_UPDATE": "Your Profile Updated Successfully.",
    "USER_DELETE": "Your Profile Deleted Successfully.",
    "DEFAULT": "Action successfully performed.",
    "DEFAULTERR": "Opps! Something went wrong!!",
    "DEFAULT_AUTH": "User is not authenticated.",
    "SESSION_EXPIRED": "Session is expired. Login again to continue.",
    "DEFAULT_INTERNAL_SERVER_ERROR": "Internal server error.",
    "INVALID_ACTIVATION_CODE": "Invalid activation code.",
    "INVALID_REQUEST": "Invalid Request.",
    "INVALID_NUMBER": "Invalid Mobile Number",
    "INVALID_EMAIL": "Invalid Email Address",
    "INVALID_PIN": "Invalid Pin",
    "INVALID_PASSWORD": "Invalid Password",
    "INVALID_OLD_PASSWORD": "Invalid old password",
    "LOGIN_SUCCESS": "Login Successfully.",
    "INVALID_LOGIN_SUCCESS": "Invalid Login Credential.",
    "Not Found": "Wrong Route!!",
    "USER_NOT_EXIST": "User Not Exist"
  }
  